Column1,Column2
2.2540623,48.8900743
2.2537409,48.8869068
2.2535642,48.8893359
2.2534732,48.8924346
2.2534041,48.8921364
2.2533815,48.8923884
2.2533657,48.892122
2.2533605,48.8921823
2.253346,48.8924274
2.2533198,48.8925758
2.2532332,48.8893295
2.2532079,48.888851
2.2531472,48.888768
2.253143,48.8887623
2.253111,48.8881801
2.2530932,48.8918833
2.2530752,48.8890494
2.2530581,48.8940355
2.2529986,48.8881832
2.2529709,48.8881806
2.2529195,48.8904316
2.2529193,48.8938796
2.2529173,48.8875109
2.2528984,48.8906686
2.2528792,48.8939024
2.2528707,48.8906333
2.2528638,48.8877816
2.2528574,48.8906398
2.2528545,48.8877777
2.2528537,48.8876264
2.2528464,48.8907701
2.2528349,48.8907738
2.2528284,48.8901445
2.2528251,48.8906485
2.2528234,48.8907774
2.252821,48.8906054
2.2528172,48.8906559
2.252812,48.890781
2.2528115,48.8875809
2.2528033,48.8878318
2.2528033,48.8878013
2.2528027,48.890649
2.2528019,48.8886909
2.2528005,48.8907846
2.2528002,48.8901061
2.252799,48.8878261
2.2527972,48.8878237
2.2527964,48.8907943
2.2527914,48.8875598
2.2527706,48.887528
2.2527523,48.8904727
2.252733,48.8878671
2.2527265,48.890634
2.2527213,48.8902521
2.2527191,48.8908338
2.2527156,48.8876735
2.2527099,48.890498
2.2527062,48.8877935
2.2527049,48.8933618
2.2526926,48.8906213
2.2526869,48.8906326
2.2526772,48.8893027
2.2526741,48.887909
2.2526641,48.8934811
2.2526632,48.8944324
2.2526391,48.8901399
2.2526338,48.8919636
2.2526318,48.8877864
2.2526157,48.8906121
2.2526056,48.8878018
2.2525989,48.8878283
2.2525888,48.8898174
2.2525738,48.8886936
2.2525664,48.8869932
2.2525405,48.8900053
2.2525399,48.8906474
2.252523,48.8868187
2.252513,48.8947216
2.2525089,48.8900085
2.252507,48.8889971
2.2525056,48.8873193
2.2525034,48.8891347
2.2524954,48.8899904
2.2524876,48.8868827
2.2524799,48.8900416
2.252468,48.8899868
2.2524617,48.8933469
2.2524572,48.8887762
2.252447,48.8869996
2.2524395,48.8888923
2.252436,48.8896306
2.2524293,48.8872903
2.2524285,48.8935187
2.2524284,48.8933665
2.2524255,48.8875263
2.2524148,48.8893437
2.2524044,48.8873358
2.2523891,48.8934996
2.2523877,48.8873107
2.252386,48.8893042
2.252385,48.8925255
2.2523779,48.8896699
2.2523642,48.889006
2.2523621,48.8887205
2.2523603,48.8896758
2.2523568,48.8892644
2.2523555,48.8893625
2.252343,48.8870549
2.2523409,48.8886915
2.2523389,48.8870246
2.2523369,48.8904673
2.2523266,48.889323
2.2523227,48.8881576
2.2522975,48.8892832
2.2522951,48.8893816
2.2522932,48.8882046
2.2522681,48.8911217
2.2522666,48.889342
2.2522629,48.8900443
2.2522614,48.8933255
2.252251,48.889371
2.2522374,48.8893022
2.2522345,48.8894007
2.2522259,48.8909617
2.2522119,48.8909672
2.2522065,48.889361
2.2522063,48.8900882
2.2521993,48.8896946
2.2521947,48.8909303
2.2521859,48.8904635
2.2521849,48.8878411
2.2521839,48.8881074
2.2521801,48.8908931
2.2521791,48.8935493
2.2521778,48.8880783
2.2521773,48.8893212
2.2521741,48.8908847
2.2521738,48.8896613
2.2521737,48.88942
2.2521709,48.8873779
2.2521619,48.8908988
2.2521561,48.8908904
2.2521542,48.8908722
2.2521536,48.8908559
2.252149,48.8888314
2.252145,48.8900436
2.2521449,48.8893805
2.2521386,48.8867846
2.2521366,48.8908607
2.2521354,48.8884338
2.2521351,48.8959237
2.2521349,48.8889733
2.2521308,48.8965769
2.2521305,48.8885135
2.2521272,48.8904567
2.2521262,48.8881219
2.2521191,48.8904907
2.2521157,48.8893407
2.2521153,48.8894384
2.2521074,48.8881008
2.2520905,48.8928481
2.2520865,48.889399
2.2520853,48.8881352
2.2520784,48.889215
2.2520689,48.8867073
2.2520675,48.8935417
2.2520667,48.8892021
2.2520652,48.8957787
2.2520652,48.8897652
2.2520642,48.8934327
2.2520573,48.8893592
2.252054,48.8891841
2.2520521,48.8886054
2.2520496,48.8892075
2.252041,48.8891658
2.2520388,48.8933968
2.2520368,48.8891894
2.2520351,48.8891152
2.2520337,48.8881308
2.252033,48.888271
2.2520316,48.8882436
2.252028,48.8963265
2.252024,48.8891713
2.2520189,48.890539
2.2520116,48.8958245
2.252008,48.8885437
2.2520068,48.8881078
2.2520008,48.8881656
2.2519892,48.8963655
2.251988,48.8866563
2.2519816,48.8911495
2.251976,48.8882388
2.2519619,48.8879309
2.2519512,48.8881916
2.2519357,48.8879099
2.2519344,48.8869734
2.2519322,48.886978
2.2519315,48.890055
2.2519311,48.8881541
2.2519257,48.8869917
2.251915,48.8958245
2.2519135,48.8875937
2.2519098,48.8881711
2.2518994,48.8880042
2.2518955,48.8883869
2.2518895,48.8901042
2.2518794,48.8876916
2.2518761,48.8883543
2.2518646,48.8874011
2.251862,48.8897554
2.2518493,48.8879386
2.251827,48.8950474
2.2518117,48.8901186
2.2518077,48.8876885
2.2518037,48.8882524
2.2517948,48.891107
2.2517916,48.8876272
2.2517894,48.8908261
2.2517863,48.8901439
2.2517842,48.8875284
2.2517737,48.8876329
2.2517708,48.8914339
2.2517688,48.8874292
2.2517601,48.8901085
2.2517486,48.8881622
2.2517338,48.8902619
2.251729,48.8874142
2.2517192,48.886253
2.2517093,48.8903028
2.2516761,48.8953423
2.2516642,48.8878794
2.2516636,48.8903232
2.2516333,48.8917119
2.2516261,48.8915645
2.2516201,48.88784
2.2516135,48.8901946
2.2516099,48.8917373
2.2516073,48.8905829
2.2516048,48.8926695
2.2516034,48.8884664
2.2515943,48.888073
2.251589,48.8882015
2.2515843,48.8916713
2.251577,48.8884747
2.2515669,48.8915486
2.2515669,48.891501
2.2515548,48.8916359
2.2515489,48.8884836
2.2515331,48.8884848
2.2515294,48.8917443
2.2515225,48.8884919
2.2515153,48.8860695
2.2515026,48.8916879
2.2514958,48.8885003
2.2514918,48.8860448
2.2514759,48.8929902
2.2514748,48.8958994
2.2514664,48.8906664
2.2514462,48.8860073
2.2514452,48.8869417
2.2514405,48.8906782
2.2513926,48.8915874
2.2513795,48.8905766
2.2513779,48.8859927
2.2513555,48.8954617
2.2513433,48.8857147
2.2513266,48.8878475
2.2513021,48.8859187
2.2512879,48.8906993
2.251281,48.884496
2.2512731,48.8880168
2.2512639,48.8954692
2.2512637,48.8954149
2.2512497,48.8957973
2.2512029,48.8907255
2.2511831,48.8858942
2.2511482,48.8956859
2.2511404,48.8956757
2.2511197,48.8858788
2.2511069,48.8872745
2.251064,48.8872141
2.2510515,48.8875763
2.2510459,48.8872926
2.2510427,48.8874011
2.2510329,48.8880906
2.2510261,48.8905631
2.2510191,48.8871537
2.2510173,48.8878341
2.2510023,48.8882787
2.2510023,48.8872335
2.2510001,48.8952846
2.2509914,48.8947976
2.2509876,48.8897797
2.2509813,48.890478
2.2509809,48.8873129
2.2509781,48.8877574
2.2509764,48.8918586
2.2509588,48.8871731
2.2509441,48.8857058
2.2509435,48.8860957
2.250938,48.8872538
2.2509211,48.8881231
2.2509053,48.8880245
2.250893,48.8871943
2.2508912,48.8878949
2.2508902,48.8898089
2.2508755,48.8878741
2.2508662,48.889785
2.2508644,48.8859365
2.2508386,48.8859085
2.2508335,48.8916572
2.2508281,48.8886486
2.250824,48.8873614
2.2508105,48.8879384
2.2508044,48.8877794
2.2507863,48.8877553
2.2507811,48.8873005
2.2507652,48.8876843
2.2507623,48.8886626
2.2507609,48.8873812
2.2507459,48.8878937
2.2507449,48.8858614
2.2507415,48.8882315
2.2507375,48.8872428
2.2507299,48.8887222
2.2507244,48.8878514
2.250718,48.887323
2.2506898,48.8887978
2.2506826,48.8882505
2.2506812,48.8878033
2.2506765,48.8872617
2.2506536,48.8878105
2.2506433,48.8877219
2.250627,48.8954433
2.2506246,48.8882691
2.2505977,48.885638
2.2505677,48.8890271
2.2505599,48.8876
2.2505461,48.8874939
2.2505319,48.8879012
2.250521,48.8880304
2.2505072,48.8957216
2.2505072,48.8946235
2.2505068,48.8883071
2.2505054,48.8888551
2.2504905,48.8889076
2.2504812,48.8861432
2.2504738,48.8878839
2.2504519,48.8889633
2.2504479,48.888326
2.2504317,48.8890474
2.2504309,48.8874769
2.2504247,48.8906623
2.2504246,48.8963933
2.2504116,48.8875152
2.2503917,48.8861045
2.2503907,48.8875545
2.2503905,48.8906546
2.2503891,48.888345
2.2503878,48.8897161
2.25038,48.8953382
2.2503733,48.8874638
2.2503674,48.8951272
2.2503549,48.8906465
2.2503528,48.8875024
2.2503471,48.8956096
2.2503439,48.8897925
2.2503329,48.8875419
2.2503306,48.8894922
2.2503241,48.8876722
2.2503224,48.8876308
2.2503196,48.8906385
2.2503155,48.887451
2.2503075,48.8948273
2.2503034,48.8908153
2.2502976,48.8951391
2.2502956,48.8874893
2.2502905,48.8909327
2.2502832,48.8906302
2.2502708,48.8883831
2.2502701,48.8879892
2.2502698,48.894807
2.2502697,48.8876895
2.2502661,48.8889464
2.2502659,48.8949797
2.2502637,48.8889243
2.2502614,48.8889019
2.2502506,48.8879956
2.2502475,48.8906221
2.2502427,48.8889859
2.2502411,48.8949976
2.250231,48.8888585
2.2502267,48.8890128
2.2502231,48.8887017
2.250213,48.8890357
2.250212,48.888402
2.2502115,48.887708
2.2502075,48.8908454
2.2502019,48.888817
2.2501999,48.8899464
2.2501984,48.8896647
2.2501892,48.8890759
2.2501848,48.8955068
2.2501829,48.8872769
2.2501709,48.8887727
2.2501696,48.8891089
2.2501687,48.8951904
2.2501525,48.8884212
2.2501522,48.8869977
2.2501503,48.8877274
2.2501501,48.8891413
2.2501287,48.8908413
2.2501234,48.8891748
2.2501065,48.8949694
2.2501006,48.8892035
2.2500962,48.8877447
2.2500944,48.8898375
2.2500934,48.8884402
2.2500856,48.8952784
2.2500853,48.8893991
2.2500824,48.8954601
2.2500793,48.8880492
2.250077,48.888151
2.2500758,48.894039
2.2500735,48.8892344
2.2500688,48.8897403
2.2500556,48.893718
2.2500542,48.8908855
2.250053,48.8952567
2.2500464,48.8892653
2.2500344,48.8884592
2.2500344,48.8877643
2.2500209,48.8954145
2.2500187,48.8892969
2.2499946,48.8893243
2.2499944,48.8931029
2.2499915,48.8882194
2.249977,48.8877826
2.2499754,48.8884782
2.2499737,48.8928739
2.249973,48.889349
2.2499554,48.8905176
2.2499512,48.8924975
2.2499375,48.8893603
2.2499189,48.8949794
2.2499176,48.889873
2.2499166,48.890988
2.2499069,48.8878048
2.2499053,48.8900008
2.2499024,48.8871614
2.2499013,48.8893719
2.2498852,48.8949601
2.2498796,48.89525
2.2498639,48.8955027
2.249854,48.8952694
2.2498504,48.8878228
2.2498392,48.8952266
2.24982,48.8900813
2.2498054,48.8926197
2.2498039,48.8900954
2.2497973,48.8878397
2.249787,48.8901084
2.2497824,48.8950757
2.2497686,48.8951773
2.2497673,48.8955738
2.2497519,48.8878541
2.249751,48.8940584
2.2497443,48.8926374
2.2497219,48.89404
2.2497042,48.8878693
2.2496831,48.8884736
2.2496737,48.8956376
2.2496613,48.8952626
2.249617,48.8914251
2.2496022,48.8882638
2.2495942,48.8904931
2.2495917,48.895697
2.2495571,48.8922645
2.2495487,48.8890868
2.2495467,48.8883601
2.2495406,48.8940976
2.2495237,48.8953711
2.2495192,48.8884035
2.2495043,48.8885452
2.2495013,48.895769
2.2494854,48.8950746
2.2494762,48.8908848
2.24945,48.8883609
2.2494354,48.8908758
2.249434,48.8920945
2.2494313,48.8929903
2.2494231,48.8958296
2.24942,48.894913
2.2494069,48.8954723
2.2493991,48.8883972
2.2493698,48.895463
2.2493384,48.8886327
2.2493368,48.8958917
2.2493316,48.8949599
2.2493113,48.895433
2.2493108,48.8957687
2.2493049,48.8880941
2.2493048,48.8885913
2.2493045,48.8867076
2.2492871,48.8882948
2.2492833,48.8955495
2.2492727,48.8886543
2.249272,48.8885472
2.2492709,48.8867566
2.249269,48.8922649
2.2492658,48.8898067
2.2492639,48.8867762
2.2492435,48.8886012
2.2492405,48.8885044
2.24924,48.8957331
2.2492378,48.8886129
2.2492305,48.8949322
2.2492271,48.895971
2.249225,48.8867463
2.2492195,48.889053
2.2492029,48.8886755
2.2491996,48.8885697
2.2491868,48.8923735
2.2491858,48.8956229
2.2491836,48.8867371
2.2491811,48.8948372
2.2491798,48.8884434
2.2491701,48.8886336
2.2491654,48.8885243
2.2491462,48.894033
2.2491446,48.8867185
2.2491371,48.8959765
2.2491354,48.8868915
2.2491345,48.8885917
2.2491318,48.8958731
2.2491262,48.8947812
2.2491252,48.8887962
2.2491237,48.8867007
2.2491231,48.8887006
2.2491226,48.8867279
2.249115,48.8940078
2.2491134,48.8922311
2.2491118,48.8880961
2.2491087,48.8867805
2.2491072,48.8948316
2.2491043,48.8885445
2.2490968,48.8957003
2.2490882,48.8886557
2.2490846,48.8892789
2.2490819,48.8869667
2.249078,48.8868273
2.2490675,48.886653
2.2490663,48.8868642
2.2490636,48.8958663
2.2490601,48.8886173
2.2490584,48.8882401
2.2490403,48.8892198
2.2490309,48.8946524
2.2490306,48.8885732
2.2490284,48.8957239
2.2490271,48.8937944
2.2490249,48.8881987
2.2490068,48.8946611
2.2489968,48.8868013
2.2489947,48.8891594
2.2489927,48.8882617
2.248992,48.8881546
2.248982,48.8893128
2.2489813,48.8924383
2.2489605,48.8881118
2.2489578,48.8882203
2.2489384,48.8892507
2.2489244,48.8868034
2.248923,48.8882829
2.2489196,48.888177
2.2489171,48.892293
2.2489112,48.8880104
2.2489106,48.8906161
2.248907,48.8960091
2.2488981,48.8937487
2.2488914,48.886775
2.2488901,48.888241
2.2488854,48.8881316
2.2488833,48.8924692
2.2488828,48.8893441
2.2488546,48.8881991
2.2488532,48.8891294
2.2488432,48.888308
2.2488417,48.8877031
2.2488351,48.8892842
2.2488289,48.8942728
2.2488286,48.8885922
2.2488256,48.8877349
2.2488244,48.8881519
2.2488194,48.8866695
2.248813,48.8959026
2.2488103,48.8868913
2.2488102,48.894171
2.2488083,48.888263
2.2488069,48.8877684
2.2487949,48.8892224
2.2487908,48.8942572
2.2487889,48.8893702
2.2487881,48.8878001
2.2487867,48.8876934
2.2487847,48.8956782
2.2487815,48.88738
2.2487806,48.8925015
2.2487801,48.8882247
2.2487784,48.8876371
2.2487756,48.8919529
2.2487755,48.8941807
2.2487747,48.8878381
2.2487742,48.8886095
2.2487704,48.8937332
2.24877,48.8951286
2.248768,48.8877225
2.248764,48.887881
2.2487626,48.895977
2.2487559,48.8878645
2.2487506,48.8881806
2.2487492,48.887756
2.2487466,48.8891629
2.2487446,48.8893124
2.2487371,48.8877878
2.2487331,48.8876802
2.248731,48.8959403
2.2487224,48.8878187
2.2487189,48.8958081
2.248717,48.8877093
2.248716,48.888628
2.2487151,48.8953032
2.2487104,48.8882859
2.2487017,48.889401
2.2487017,48.8892524
2.2486982,48.8878609
2.2486851,48.8884102
2.248685,48.8961556
2.248673,48.8925355
2.2486706,48.8943261
2.2486672,48.8874654
2.2486632,48.8874863
2.2486561,48.889192
2.2486548,48.8893402
2.2486548,48.8886474
2.2486494,48.8886074
2.2486439,48.887524
2.2486307,48.8884275
2.2486138,48.8952654
2.2486131,48.8923888
2.2486119,48.887475
2.2486118,48.8892806
2.2486112,48.8953493
2.2486051,48.8894306
2.2486007,48.8886646
2.2485952,48.89592
2.2485926,48.8875126
2.2485893,48.8875392
2.2485725,48.888446
2.2485676,48.8892194
2.2485595,48.8893719
2.2485577,48.8874629
2.2485486,48.8925747
2.2485389,48.8886843
2.2485384,48.8875006
2.2485213,48.8867644
2.2485153,48.8894601
2.2485153,48.8893111
2.2485114,48.8884655
2.2485101,48.8936524
2.2485027,48.8924236
2.2485014,48.8874505
2.2484851,48.8954251
2.2484821,48.8911195
2.2484821,48.8874882
2.2484815,48.8887025
2.2484712,48.8912873
2.2484695,48.8942105
2.248469,48.8892498
2.2484615,48.8936055
2.2484572,48.8884827
2.248446,48.8924415
2.2484364,48.8965939
2.2484336,48.8913152
2.2484261,48.8878185
2.2484221,48.8894892
2.2484114,48.8887248
2.2484068,48.8878562
2.2484052,48.8937364
2.2484006,48.8935802
2.2483954,48.8885023
2.2483785,48.8892793
2.2483784,48.8933719
2.2483748,48.8878072
2.2483555,48.8878448
2.248338,48.8885206
2.2483309,48.8895183
2.2483223,48.8887553
2.2483206,48.8877951
2.2483205,48.892338
2.2483085,48.8936454
2.2483013,48.8878328
2.2482995,48.8879723
2.2482906,48.8866815
2.2482886,48.8893075
2.2482879,48.8926568
2.2482873,48.8894574
2.2482848,48.8967698
2.2482848,48.8924922
2.2482685,48.8864744
2.248268,48.8885429
2.2482679,48.8887726
2.2482643,48.8877827
2.2482622,48.8881357
2.2482602,48.887471
2.2482535,48.8875875
2.248248,48.8935089
2.248245,48.8878204
2.2482424,48.889397
2.2482392,48.891427
2.2482379,48.8876199
2.2482291,48.8882334
2.2482253,48.8966706
2.2482097,48.8887911
2.2482065,48.8942833
2.2482037,48.8865022
2.248201,48.8876913
2.2481972,48.8875751
2.2481968,48.8893358
2.2481816,48.8876075
2.2481788,48.8885734
2.2481785,48.8881214
2.2481743,48.8881126
2.2481633,48.8891433
2.2481626,48.8881118
2.2481623,48.8876452
2.2481598,48.8956309
2.2481486,48.8888105
2.2481447,48.8876789
2.2481424,48.8934483
2.2481307,48.8934681
2.2481254,48.8877166
2.2481247,48.8958496
2.2481244,48.8885907
2.2481217,48.8893723
2.2481201,48.8894083
2.248116,48.8879733
2.2481008,48.8941804
2.2480944,48.8888277
2.2480887,48.8879509
2.2480804,48.8926405
2.2480786,48.8891326
2.2480672,48.8970435
2.2480663,48.8886092
2.248058,48.889333
2.2480461,48.8881505
2.2480393,48.8881527
2.2480326,48.8888474
2.2480317,48.8881531
2.2480262,48.8941565
2.248024,48.888988
2.2480051,48.8886286
2.2479946,48.8939382
2.2479779,48.888904
2.2479757,48.8895093
2.2479752,48.8888656
2.2479575,48.8941219
2.247951,48.8886458
2.2479368,48.8957744
2.2479136,48.888395
2.2479121,48.8888176
2.2478908,48.8940674
2.2478891,48.8886655
2.2478694,48.8882601
2.2478655,48.8877687
2.2478521,48.8939805
2.247849,48.8973181
2.2478462,48.8878064
2.2478411,48.8887188
2.2478397,48.8906699
2.2478332,48.8880261
2.2478318,48.8886837
2.2478228,48.8939681
2.2478142,48.8877574
2.2477977,48.8912701
2.2477949,48.887795
2.2477939,48.8939559
2.24776,48.889559
2.24776,48.8877453
2.2477542,48.8861766
2.2477495,48.8942757
2.2477459,48.8947042
2.2477432,48.8889771
2.2477407,48.887783
2.2477261,48.889674
2.2477173,48.8939234
2.2477138,48.8867305
2.2477115,48.8867011
2.2477037,48.8877329
2.2476844,48.8877706
2.2476787,48.8888864
2.2476707,48.888777
2.2476706,48.8939037
2.2476509,48.8877215
2.2476432,48.8860288
2.2476316,48.8877592
2.2476309,48.8893866
2.247618,48.8958254
2.2476143,48.8880308
2.2476054,48.8938762
2.2476027,48.8976163
2.2476007,48.8884615
2.2475996,48.8877102
2.2475963,48.8888309
2.2475913,48.8895181
2.2475803,48.8877478
2.2475463,48.8911994
2.2475454,48.8876981
2.2475261,48.8877358
2.2475229,48.8893784
2.2475219,48.8938409
2.2475149,48.8893934
2.247503,48.8893791
2.2474951,48.888829
2.2474928,48.8865186
2.2474891,48.8876857
2.2474698,48.8877234
2.2474691,48.8880011
2.2474646,48.8893125
2.2474603,48.8893954
2.2474566,48.8957373
2.247453,48.893204
2.2474526,48.8944462
2.2474394,48.8958097
2.24743,48.892073
2.2474273,48.8938008
2.2474153,48.8896655
2.2474119,48.8978882
2.2473958,48.8888626
2.247384,48.8907577
2.2473832,48.8880288
2.247379,48.8937804
2.2473532,48.8944503
2.2473379,48.8937631
2.2473277,48.895985
2.2473159,48.8882542
2.2473064,48.8915522
2.2472795,48.8893619
2.2472391,48.8881292
2.2472249,48.8867101
2.2472124,48.8908106
2.2471774,48.8958365
2.2471709,48.8937043
2.2471454,48.8936553
2.2471202,48.8884895
2.2471198,48.8959156
2.2471098,48.8897268
2.2471084,48.8875333
2.247107,48.8910002
2.2471037,48.8958196
2.2471002,48.8895124
2.2470913,48.8885647
2.2470909,48.8882872
2.2470905,48.8879542
2.2470904,48.8908466
2.2470803,48.889781
2.2470766,48.8958635
2.2470695,48.8901673
2.2470679,48.8936525
2.2470507,48.8936118
2.24703,48.8880545
2.2470172,48.8910017
2.2470144,48.8865509
2.2470059,48.8896705
2.2469918,48.8936468
2.246989,48.895883
2.2469884,48.8810043
2.2469837,48.8909988
2.2469836,48.8916854
2.2469793,48.8959689
2.246979,48.8878689
2.2469784,48.8919908
2.2469756,48.8900598
2.2469465,48.8910422
2.2469411,48.8883475
2.2469342,48.8930713
2.2469304,48.8910552
2.2469261,48.8930285
2.246925,48.8910043
2.2469175,48.8910236
2.2469086,48.8914011
2.2469069,48.8928879
2.2469063,48.8910008
2.2469041,48.8954023
2.2468917,48.8913793
2.2468791,48.8919899
2.2468785,48.8852714
2.2468751,48.8902413
2.2468724,48.891081
2.2468707,48.8914134
2.246867,48.8909326
2.2468648,48.8951472
2.2468622,48.8909914
2.2468539,48.8913915
2.2468477,48.8896405
2.2468247,48.8882656
2.2468246,48.8929859
2.2468235,48.8910056
2.2468141,48.8902153
2.2468094,48.8918924
2.246807,48.8910173
2.2468061,48.8954081
2.2468052,48.8959543
2.2468047,48.8919859
2.2467993,48.8929757
2.2467909,48.8929719
2.2467852,48.8907529
2.2467658,48.8896492
2.2467654,48.8939617
2.2467633,48.890234
2.2467604,48.8902312
2.2467593,48.8902277
2.2467533,48.8961197
2.2467453,48.8912137
2.2467452,48.8851577
2.2467383,48.8919608
2.2467349,48.8918889
2.2467343,48.8894976
2.246734,48.8960646
2.2467256,48.8930423
2.2467217,48.8929433
2.2467198,48.891181
2.2467142,48.8852684
2.2467088,48.89344
2.2466957,48.890154
2.2466904,48.8929694
2.2466801,48.8867011
2.2466659,48.8918969
2.2466658,48.8961197
2.2466625,48.8892123
2.2466595,48.8853138
2.2466571,48.8960784
2.24665,48.8910088
2.2466237,48.8929024
2.2466075,48.8899737
2.2466044,48.89346
2.246603,48.8853606
2.2466012,48.8960082
2.2465949,48.890782
2.2465901,48.8907764
2.2465877,48.8907772
2.246579,48.8933479
2.2465754,48.889852
2.2465686,48.8865602
2.2465593,48.8866625
2.2465432,48.891903
2.2465422,48.8865572
2.2465269,48.8898117
2.2465164,48.8928577
2.2465111,48.8854402
2.2465083,48.8959626
2.2464924,48.8934138
2.2464919,48.8902011
2.2464886,48.8903307
2.2464855,48.8869606
2.2464842,48.8960419
2.2464842,48.8909119
2.2464818,48.8868045
2.2464761,48.8919268
2.2464553,48.8900528
2.2464547,48.8865884
2.2464497,48.886111
2.246447,48.8959327
2.2464345,48.8909525
2.2464177,48.8855189
2.2464147,48.8859057
2.2464124,48.8928143
2.2464077,48.8919409
2.2464061,48.8856723
2.2463912,48.8901488
2.2463903,48.8866622
2.2463888,48.8867759
2.2463886,48.88666
2.2463822,48.8915045
2.2463713,48.8903216
2.2463607,48.8933589
2.2463409,48.8868567
2.2463386,48.8858987
2.2463314,48.8936231
2.2463272,48.8909516
2.2463221,48.893343
2.2463056,48.8927698
2.2463055,48.8856134
2.24629,48.8859395
2.2462843,48.8919996
2.2462666,48.8933205
2.2462618,48.8904113
2.2462545,48.8893608
2.2462492,48.8868699
2.2462317,48.8891597
2.2462267,48.8958014
2.2462132,48.8912784
2.2462084,48.8916262
2.2461868,48.8941929
2.2461846,48.8912393
2.2461825,48.8863995
2.2461563,48.8930193
2.246155,48.8894574
2.2461471,48.8928961
2.246144,48.886885
2.2461413,48.8916921
2.2461365,48.8892488
2.2461361,48.8943803
2.2461348,48.8907628
2.2461252,48.8950676
2.246119,48.8907954
2.2461107,48.8893962
2.2461096,48.8859103
2.2461062,48.8958561
2.2461046,48.8862121
2.2460928,48.8905279
2.2460842,48.8891897
2.2460836,48.8861106
2.2460823,48.8863274
2.2460817,48.8906651
2.2460795,48.8858623
2.2460732,48.8917589
2.2460707,48.8950858
2.2460688,48.8857949
2.2460678,48.8957465
2.2460653,48.8861254
2.246063,48.889593
2.2460599,48.88949
2.2460566,48.8941961
2.24605,48.8863525
2.2460489,48.8868987
2.246048,48.8891394
2.2460413,48.8894225
2.2460386,48.885781
2.246035,48.8857081
2.2460306,48.8892823
2.2460259,48.8936217
2.2460242,48.8929988
2.246015,48.8932148
2.2460148,48.8894261
2.2460054,48.8918144
2.2459836,48.8892188
2.2459655,48.8858535
2.2459611,48.885675
2.2459539,48.8859112
2.2459528,48.8891685
2.2459518,48.8869127
2.2459492,48.8956788
2.2459424,48.886289
2.2459369,48.8860617
2.2459278,48.8943386
2.2459142,48.8880743
2.2459136,48.8860812
2.2459112,48.8891068
2.2459083,48.8957733
2.2459069,48.8950057
2.2458987,48.885957
2.2458962,48.8856458
2.24588,48.8859548
2.2458787,48.886923
2.2458709,48.8896389
2.2458673,48.8952348
2.2458594,48.8869259
2.2458476,48.8903326
2.2458428,48.8891244
2.2458425,48.8931423
2.245838,48.888869
2.2458376,48.8856196
2.2458357,48.8895416
2.245834,48.8857482
2.2458327,48.895736
2.2458313,48.8905197
2.2458293,48.8860147
2.2458175,48.8860088
2.2457993,48.8943697
2.2457989,48.8904106
2.2457972,48.8892162
2.2457744,48.8890627
2.2457682,48.8951841
2.2457667,48.8869328
2.2457645,48.8904017
2.2457567,48.8867299
2.2457507,48.8955916
2.2457503,48.8891588
2.2457478,48.8860826
2.2457458,48.8925748
2.2457416,48.8925346
2.2457367,48.8895856
2.2457309,48.8860794
2.2457285,48.8966932
2.2457237,48.8895885
2.245698,48.8892453
2.2456898,48.8896298
2.2456844,48.8875478
2.2456795,48.8873256
2.2456779,48.8895054
2.2456748,48.8869271
2.2456561,48.8861589
2.2456533,48.8902489
2.2456527,48.8894645
2.2456504,48.8953605
2.245647,48.8891879
2.2456437,48.8955393
2.2456412,48.8861557
2.2456362,48.8923836
2.2456202,48.8894243
2.245609,48.8863849
2.2456071,48.8871599
2.2455997,48.8868988
2.245599,48.8953351
2.2455987,48.8892752
2.2455867,48.8891262
2.2455736,48.8903573
2.2455639,48.8893546
2.2455587,48.8955873
2.2455572,48.8892144
2.2455541,48.8890148
2.2455418,48.8862542
2.2455344,48.8893026
2.2455336,48.8947957
2.2455262,48.8891185
2.2455192,48.8886299
2.2455167,48.8954772
2.2455161,48.8955694
2.2455144,48.8862209
2.2455033,48.8940466
2.2455019,48.8955091
2.2454976,48.8868953
2.2454931,48.8880123
2.2454925,48.8930165
2.2454794,48.8893475
2.2454794,48.8892382
2.2454726,48.8891525
2.2454622,48.8887308
2.245451,48.892893
2.2454509,48.8864904
2.2454487,48.8869384
2.2454372,48.89536
2.2454305,48.8907002
2.2454214,48.8954306
2.2454157,48.8890844
2.2454119,48.886341
2.2454032,48.8885955
2.2454031,48.8867437
2.2453998,48.8892869
2.2453837,48.8867633
2.2453834,48.8906752
2.2453824,48.8862666
2.2453744,48.8889716
2.2453677,48.8923241
2.2453623,48.8923734
2.2453567,48.8924185
2.2453288,48.8886911
2.2453124,48.8891955
2.2453112,48.8954683
2.2453065,48.8927834
2.2453019,48.8905582
2.2452995,48.8946058
2.245291,48.890647
2.2452827,48.8954008
2.2452785,48.892773
2.2452707,48.8866565
2.2452691,48.8905216
2.2452294,48.8862031
2.2452226,48.894611
2.245211,48.889158
2.2452101,48.8871879
2.2452088,48.893299
2.2452061,48.8889323
2.2452052,48.890834
2.2451975,48.886314
2.2451898,48.890839
2.24518,48.8922988
2.2451772,48.8953104
2.2451745,48.8894538
2.2451406,48.8922792
2.2451364,48.890678
2.2451176,48.8874112
2.245113,48.8871333
2.2451084,48.8886321
2.2451004,48.892266
2.2450901,48.8861454
2.2450728,48.8891187
2.2450699,48.8933889
2.2450679,48.8944247
2.2450658,48.8919457
2.2450655,48.8907345
2.2450616,48.8934405
2.2450574,48.8887955
2.2450529,48.8893731
2.2450459,48.8862514
2.2450374,48.8886888
2.2450211,48.8902959
2.2450184,48.8922322
2.2450176,48.8908056
2.2450063,48.8952273
2.2449949,48.8862313
2.244983,48.8887966
2.2449718,48.8887905
2.2449684,48.8887917
2.244963,48.8860923
2.244947,48.8905982
2.2449417,48.8902895
2.2449406,48.8922001
2.2449318,48.8951408
2.2449292,48.8872976
2.244927,48.8936339
2.2449258,48.8885739
2.2449135,48.8866416
2.2449129,48.8866116
2.2449098,48.8867194
2.2449072,48.8875711
2.2448819,48.8906942
2.2448773,48.8861825
2.2448771,48.8867046
2.2448678,48.8860529
2.2448636,48.8921684
2.2448423,48.8951489
2.2448342,48.8906288
2.2448338,48.8928836
2.2448292,48.8871916
2.2448248,48.8938011
2.2448213,48.8867447
2.2448185,48.894393
2.2448031,48.893738
2.2447962,48.8865755
2.2447957,48.8869783
2.2447887,48.8952146
2.2447843,48.8883834
2.2447803,48.8939139
2.2447785,48.8865799
2.2447769,48.88657
2.2447688,48.8943051
2.2447676,48.8865821
2.2447662,48.8871938
2.2447644,48.8949126
2.2447633,48.8954659
2.2447376,48.8869992
2.2447371,48.8921628
2.2447244,48.8859935
2.244724,48.8861173
2.2447239,48.8865409
2.2447173,48.887196
2.2447028,48.8865557
2.2446949,48.8899303
2.2446683,48.8875858
2.2446683,48.8871965
2.2446532,48.8865356
2.2446485,48.886086
2.2446399,48.8942411
2.2446372,48.8946392
2.2446243,48.8940532
2.244616,48.8900068
2.244612,48.8871969
2.2446044,48.8864952
2.2446027,48.8859425
2.2445769,48.8866288
2.2445577,48.8871978
2.2445368,48.8960867
2.2445302,48.8873027
2.2445272,48.8864841
2.2445254,48.8947948
2.2445131,48.8865361
2.2445089,48.8860292
2.2445013,48.8871943
2.2444998,48.8864529
2.2444985,48.8941774
2.2444728,48.8924554
2.244469,48.8966381
2.2444604,48.895027
2.2444588,48.8924501
2.2444462,48.8870118
2.2444457,48.8871938
2.2444452,48.8953325
2.2444256,48.8955339
2.2444187,48.8924349
2.2444136,48.8943446
2.2444028,48.8865585
2.2444001,48.8911271
2.2444001,48.8864322
2.2443958,48.8858565
2.244394,48.8871898
2.2443877,48.8948974
2.2443855,48.8923391
2.2443773,48.8923126
2.2443693,48.8949511
2.2443602,48.8922293
2.2443502,48.8918751
2.2443491,48.8859622
2.2443451,48.8864302
2.2443391,48.8871903
2.2443169,48.8922595
2.244316,48.8863979
2.2443141,48.8919086
2.2443032,48.8926002
2.2442996,48.8925964
2.2442899,48.8918492
2.2442841,48.8871859
2.2442636,48.8944421
2.2442569,48.8857991
2.2442535,48.8918828
2.2442506,48.8859215
2.2442447,48.8864949
2.244221,48.8897189
2.2442185,48.8895931
2.2442096,48.89245
2.2442059,48.8943492
2.2442024,48.8863521
2.244189,48.8918315
2.2441796,48.8952352
2.2441731,48.8858898
2.2441727,48.8918483
2.2441618,48.8946661
2.2441615,48.8935159
2.2441433,48.8890245
2.2441385,48.8955597
2.2441081,48.8857374
2.2441037,48.8870364
2.2441006,48.8902267
2.2440999,48.8945069
2.2440983,48.8863688
2.244093,48.8863075
2.2440715,48.8931846
2.2440602,48.8955387
2.2440558,48.8864069
2.2440145,48.8858239
2.2440092,48.8916692
2.2440044,48.8862718
2.2439938,48.8936533
2.243987,48.8893353
2.243987,48.887278
2.2439844,48.892437
2.2439817,48.8917458
2.2439772,48.8908529
2.2439752,48.892425
2.2439646,48.8923404
2.2439643,48.8952079
2.2439623,48.8917655
2.2439504,48.894784
2.2439477,48.8863731
2.2439464,48.8902761
2.243941,48.8946585
2.2439395,48.891662
2.2439339,48.8949673
2.2439255,48.8856616
2.2439203,48.8945463
2.2439178,48.8862354
2.2439068,48.8947807
2.2439064,48.8945368
2.2438913,48.8948769
2.2438901,48.8959847
2.2438891,48.8874861
2.2438783,48.8953586
2.2438768,48.8857656
2.2438711,48.8893022
2.2438506,48.8862079
2.2438502,48.8958453
2.2438453,48.8923468
2.2438438,48.8959625
2.2438353,48.8862017
2.2438114,48.8923664
2.2437826,48.8922923
2.2437809,48.8862049
2.243777,48.8863011
2.2437716,48.8857219
2.2437614,48.8872786
2.2437596,48.8862322
2.2437583,48.8945879
2.2437362,48.887269
2.2437346,48.8944819
2.243702,48.8943568
2.2436981,48.8916821
2.2436959,48.8953401
2.2436955,48.8944936
2.243685,48.8920581
2.2436829,48.8861393
2.2436764,48.8876724
2.2436756,48.8909266
2.2436684,48.8953726
2.2436666,48.8876997
2.243665,48.8862558
2.2436647,48.887685
2.2436642,48.8944788
2.2436598,48.8923256
2.2436075,48.8901501
2.2435862,48.887875
2.2435857,48.8943655
2.2435767,48.8856409
2.2435734,48.8862188
2.2435686,48.8943655
2.2435668,48.8943907
2.2435576,48.8909442
2.2435535,48.8919049
2.2435505,48.8879965
2.2435469,48.895478
2.2435441,48.8860732
2.2435419,48.8945025
2.2435357,48.8903366
2.2435086,48.8865091
2.2434954,48.8880479
2.2434698,48.8861769
2.243464,48.8879103
2.2434537,48.8954642
2.2434462,48.8877637
2.2434456,48.8958167
2.2434425,48.8915886
2.2434355,48.8860235
2.2434346,48.8860373
2.2434345,48.8900531
2.2434345,48.8875827
2.2434278,48.8878468
2.2434264,48.8879967
2.243425,48.889509
2.2434184,48.8881025
2.2434172,48.8917956
2.243405,48.8904953
2.2433978,48.8931426
2.2433932,48.8875349
2.2433931,48.8916597
2.2433929,48.8876581
2.2433908,48.8889846
2.2433805,48.8956373
2.2433768,48.8962617
2.2433725,48.893287
2.2433674,48.8874306
2.2433638,48.8917724
2.243362,48.8915397
2.2433514,48.8860676
2.2433426,48.8876524
2.2433354,48.8861226
2.2433348,48.8859963
2.2433218,48.8880849
2.2433198,48.8874869
2.2433155,48.8874892
2.2433012,48.890035
2.2433004,48.8917716
2.243295,48.8879897
2.2432923,48.8878592
2.2432912,48.8942829
2.2432895,48.8939771
2.2432891,48.8947194
2.2432787,48.886038
2.243276,48.8916813
2.2432735,48.8891963
2.2432728,48.8868898
2.2432514,48.8905513
2.2432511,48.8879573
2.2432418,48.8859361
2.2432365,48.8934063
2.2432359,48.8859555
2.2432355,48.8940172
2.2432341,48.8947588
2.2432327,48.8892427
2.243228,48.89376
2.2432227,48.8881465
2.2432162,48.8860754
2.2432127,48.8947741
2.2432121,48.8935378
2.2432099,48.8860101
2.243208,48.8935344
2.2432045,48.8920537
2.243201,48.8901609
2.2431985,48.8880761
2.243195,48.8951175
2.2431918,48.8920554
2.2431841,48.8869625
2.2431736,48.8961242
2.2431724,48.884552
2.2431699,48.8900724
2.2431663,48.8892771
2.2431652,48.8951265
2.2431587,48.8858885
2.2431567,48.8944903
2.2431488,48.8877798
2.2431458,48.892263
2.2431454,48.8916486
2.2431405,48.8859041
2.2431394,48.8888485
2.2431392,48.8942633
2.2431345,48.8932371
2.2431126,48.8882895
2.2431124,48.88688
2.24311,48.8860964
2.2431099,48.8881237
2.2431027,48.8915023
2.2430916,48.8860389
2.2430885,48.8878309
2.2430871,48.8907501
2.2430871,48.889345
2.2430808,48.8868598
2.2430757,48.8892564
2.2430737,48.8951804
2.2430703,48.886015
2.2430621,48.8887458
2.2430614,48.8918668
2.243059,48.8880298
2.2430514,48.8917462
2.2430469,48.8943075
2.2430466,48.8879816
2.243043,48.8858376
2.2430398,48.8936345
2.2430328,48.8917613
2.2430276,48.8877688
2.2430268,48.8882401
2.2430207,48.8946096
2.243018,48.8919255
2.243016,48.8913037
2.2429989,48.8923659
2.2429775,48.8907854
2.2429771,48.8941324
2.2429724,48.8857893
2.2429666,48.8923231
2.2429601,48.8925252
2.2429584,48.8877216
2.2429574,48.8857536
2.2429517,48.8881321
2.2429401,48.8923851
2.242937,48.8857403
2.242935,48.8922811
2.2429273,48.8937477
2.2429204,48.8943944
2.2429164,48.8858211
2.2429124,48.8930421
2.2429057,48.8922422
2.2429048,48.8856727
2.2428873,48.8881696
2.2428738,48.8893514
2.2428736,48.8934176
2.2428605,48.892411
2.2428538,48.887782
2.2428399,48.8936799
2.2428394,48.8876787
2.2428373,48.8938323
2.2428356,48.8863105
2.2428343,48.8892656
2.2428307,48.8935479
2.2428307,48.8857075
2.2428169,48.8856789
2.2428155,48.8921224
2.2427995,48.8861185
2.242796,48.8924319
2.2427943,48.8964774
2.2427939,48.8859312
2.2427921,48.8942493
2.2427881,48.8882242
2.242784,48.8879634
2.2427828,48.8857564
2.2427819,48.8933909
2.242781,48.8928594
2.2427792,48.8879826
2.2427787,48.8877771
2.2427753,48.892069
2.2427599,48.8934814
2.2427559,48.8939892
2.2427471,48.8920316
2.2427398,48.889733
2.2427391,48.8887039
2.2427381,48.8954122
2.2427368,48.8859162
2.2427302,48.8823769
2.2427286,48.8909748
2.2427274,48.8856509
2.2427262,48.8908954
2.2427187,48.8919938
2.242717,48.8943049
2.2427068,48.8852326
2.2427017,48.8857507
2.2427016,48.8855965
2.2427007,48.8936435
2.2427006,48.8864143
2.2426992,48.8861955
2.2426929,48.8940298
2.2426912,48.8861872
2.2426887,48.8886339
2.242672,48.8832172
2.2426694,48.8832486
2.2426679,48.8858941
2.2426664,48.8853668
2.2426613,48.8898205
2.2426609,48.8920126
2.2426577,48.8929488
2.2426527,48.8886941
2.2426513,48.8878759
2.2426513,48.8842549
2.2426494,48.8833809
2.2426471,48.8834057
2.242646,48.8907062
2.2426426,48.8852063
2.2426395,48.8888528
2.2426391,48.892483
2.2426385,48.8885642
2.242637,48.8886722
2.2426298,48.8881061
2.2426258,48.8875007
2.2426211,48.8886501
2.242619,48.891014
2.2426175,48.8916027
2.2426164,48.8941294
2.2426154,48.8858342
2.2426137,48.8875457
2.2426056,48.8886286
2.242603,48.8878353
2.2425937,48.8927518
2.2425927,48.8862786
2.2425921,48.889015
2.2425899,48.8920357
2.2425895,48.8886063
2.2425871,48.8881864
2.2425829,48.8943216
2.2425809,48.8841169
2.2425762,48.8942793
2.2425737,48.8885843
2.2425681,48.8925061
2.2425675,48.8857536
2.2425619,48.8842864
2.2425576,48.888562
2.2425571,48.8856822
2.2425498,48.8949076
2.2425439,48.8910403
2.2425346,48.8874932
2.2425333,48.8873027
2.2425302,48.8920551
2.2425275,48.8914846
2.2425239,48.8841758
2.2425189,48.8865527
2.2425187,48.8952791
2.2425184,48.8877745
2.2425051,48.8942943
2.2425014,48.8925278
2.2424997,48.8847768
2.2424919,48.8914875
2.2424895,48.8857841
2.2424858,48.8849593
2.2424828,48.8841469
2.2424793,48.893444
2.2424764,48.8863694
2.2424756,48.8943445
2.2424689,48.8880267
2.2424689,48.8875254
2.2424676,48.8872798
2.2424669,48.8895871
2.2424617,48.8857114
2.2424567,48.8920967
2.2424487,48.8865367
2.2424398,48.8865992
2.2424337,48.8925499
2.2424275,48.8915545
2.2424233,48.8878944
2.2424193,48.8919763
2.2424179,48.8875695
2.2424065,48.8916668
2.2424041,48.8899177
2.2423996,48.8925047
2.2423985,48.8921134
2.2423952,48.8916476
2.2423878,48.8945632
2.2423827,48.8916516
2.2423805,48.8908397
2.242373,48.8857379
2.2423701,48.8916556
2.2423682,48.892463
2.2423625,48.8884681
2.2423582,48.8921111
2.2423482,48.8944301
2.242345,48.8908644
2.2423412,48.8900215
2.242338,48.8880705
2.242337,48.8920022
2.2423334,48.8924167
2.2423289,48.8881729
2.2423276,48.891509
2.2423007,48.8921298
2.2422993,48.8907734
2.2422993,48.8865077
2.242294,48.8881637
2.2422902,48.8880351
2.2422811,48.8941488
2.2422798,48.894207
2.2422798,48.8872216
2.242269,48.8948122
2.2422677,48.8876241
2.2422501,48.8923061
2.2422319,48.8874544
2.2422295,48.8873988
2.2422263,48.8949451
2.2422194,48.8944565
2.2422171,48.8922622
2.2422147,48.8921578
2.2422127,48.8872375
2.2422117,48.891299
2.2422032,48.8924669
2.2421988,48.8919382
2.2421935,48.8935346
2.2421933,48.8876687
2.242193,48.8880487
2.2421849,48.8922195
2.2421819,48.8941991
2.2421609,48.8964344
2.2421595,48.8856581
2.2421537,48.8877026
2.2421535,48.8921777
2.242129,48.8926931
2.242119,48.8911508
2.2421182,48.88764
2.2421148,48.8872366
2.2421107,48.8923321
2.2421084,48.8901038
2.2421067,48.8919096
2.242057,48.8949843
2.2420404,48.8875567
2.242027,48.8960435
2.2420239,48.8909384
2.2420176,48.8949622
2.2420118,48.8908362
2.2420055,48.8874288
2.2420022,48.8874804
2.2419996,48.8947245
2.2419968,48.8875227
2.2419915,48.8944142
2.2419863,48.8920739
2.2419834,48.8933738
2.241983,48.8891991
2.241978,48.8942881
2.2419757,48.8882833
2.2419754,48.8877141
2.2419606,48.8876718
2.2419593,48.8943472
2.2419535,48.8907845
2.2419496,48.8927516
2.2419472,48.8876316
2.2419472,48.8874253
2.2419314,48.890757
2.241917,48.8877291
2.2419107,48.8907773
2.2419102,48.8936285
2.2419085,48.8908447
2.2419076,48.887558
2.2419047,48.8914645
2.241902,48.8945869
2.2418849,48.8912755
2.2418842,48.8876704
2.2418587,48.8875016
2.2418552,48.894695
2.241854,48.8876383
2.2418499,48.8914817
2.2418422,48.8938327
2.2418397,48.8946795
2.241833,48.8899613
2.2418312,48.8875717
2.2418286,48.8919071
2.2418114,48.8898955
2.2417908,48.8936705
2.2417817,48.8908407
2.2417708,48.8903443
2.2417578,48.8908348
2.2417566,48.8908667
2.2417548,48.885464
2.241736,48.8875148
2.2417353,48.8918674
2.241735,48.8908593
2.2417322,48.891037
2.2417267,48.8918553
2.2417067,48.8911314
2.2416662,48.8918893
2.2416647,48.891875
2.2416542,48.8879413
2.2416276,48.8894929
2.2416224,48.8894885
2.2416139,48.887569
2.2415785,48.8893328
2.2415273,48.8914043
2.2415186,48.8893514
2.2415167,48.8871537
2.241502,48.8874438
2.2414899,48.8914139
2.2414797,48.890647
2.2414718,48.8871696
2.2414574,48.8874524
2.2414332,48.891425
2.2414161,48.8871832
2.2413987,48.8921984
2.2413973,48.8873486
2.2413933,48.8922513
2.2413927,48.8871652
2.2413866,48.8923025
2.2413813,48.8923439
2.2413685,48.8919346
2.2413641,48.8901539
2.2413629,48.8893904
2.2413598,48.892507
2.2413564,48.8871995
2.2413511,48.8871819
2.2413504,48.892574
2.2413488,48.8930404
2.2413477,48.8886731
2.241341,48.8926366
2.2413316,48.892701
2.2413187,48.8899999
2.2413162,48.8928888
2.2413055,48.8931189
2.241305,48.8927898
2.2413032,48.8928043
2.241301,48.894017
2.2412994,48.8872198
2.2412796,48.893999
2.2412673,48.8868477
2.2412595,48.8938832
2.2412505,48.8872335
2.2412485,48.887207
2.24123,48.8915707
2.241227,48.886995
2.2412217,48.887226
2.2412078,48.891008
2.2412042,48.8916751
2.2411948,48.8915183
2.2411693,48.8880937
2.2411647,48.8872229
2.2411582,48.8945526
2.2411515,48.8915983
2.2411446,48.8945403
2.2411419,48.8901041
2.2411394,48.8913087
2.2411392,48.8898761
2.2411385,48.8890972
2.2411359,48.8952802
2.2411344,48.8900867
2.2411109,48.8915458
2.2411104,48.8945174
2.2411064,48.8902576
2.2411053,48.8901522
2.2411032,48.8938536
2.2410963,48.8872445
2.2410898,48.8902374
2.2410782,48.894509
2.2410683,48.8901368
2.2410616,48.8945849
2.2410442,48.8914933
2.2410311,48.8915771
2.24103,48.8944459
2.2410229,48.8898957
2.2410208,48.8915803
2.2410104,48.8945794
2.2410037,48.8872467
2.2409994,48.8912187
2.2409974,48.8912001
2.2409923,48.8870933
2.2409875,48.8917882
2.2409857,48.8938333
2.2409847,48.8912043
2.240972,48.8912085
2.2409648,48.8918874
2.2409615,48.887308
2.2409593,48.895794
2.2409495,48.8916774
2.2409475,48.8912564
2.2409438,48.8918941
2.2409317,48.8944775
2.2409316,48.8851939
2.2409299,48.8944868
2.240929,48.8868293
2.2409261,48.894506
2.2409169,48.890318
2.2409072,48.8904007
2.2409052,48.8872555
2.2409029,48.8902957
2.2408984,48.8912727
2.2408884,48.8872979
2.2408703,48.8923834
2.2408691,48.8893015
2.240865,48.8947978
2.2408602,48.8871669
2.2408569,48.8914659
2.2408503,48.8949912
2.2408326,48.8901856
2.2408315,48.895367
2.2408272,48.8944311
2.2408227,48.8944379
2.2408221,48.8954154
2.2408209,48.8916438
2.2408189,48.891116
2.240818,48.8872886
2.2408161,48.8901634
2.2408152,48.8944503
2.2408142,48.8911368
2.2408137,48.8911193
2.2408132,48.8916333
2.2408053,48.8913413
2.2407961,48.8946424
2.2407954,48.8911416
2.24079,48.8911343
2.2407838,48.8901215
2.2407699,48.8911498
2.2407697,48.8876607
2.2407645,48.8911425
2.2407645,48.8887188
2.2407444,48.891158
2.2407404,48.8894552
2.240739,48.8911507
2.2407307,48.8924687
2.2407304,48.8924771
2.2407304,48.8903856
2.2407295,48.8951998
2.2407295,48.8872891
2.2407294,48.8959882
2.2407215,48.8916652
2.2407211,48.8924699
2.2407154,48.8903542
2.2407083,48.8951242
2.2406864,48.8951644
2.2406812,48.8867807
2.2406793,48.8943046
2.2406718,48.8872943
2.2406678,48.8869332
2.240666,48.8906227
2.2406645,48.8828306
2.24066,48.8930001
2.2406587,48.8929919
2.2406572,48.8903639
2.2406552,48.8900079
2.2406525,48.8902429
2.2406396,48.8954322
2.2406391,48.89021
2.2406384,48.8893368
2.2406329,48.8951134
2.2406315,48.8889181
2.2406263,48.8951505
2.2406211,48.8954561
2.2406099,48.8889942
2.2406095,48.8951788
2.2406069,48.8901793
2.2406035,48.8949923
2.2405955,48.8914724
2.2405927,48.8873697
2.2405917,48.8944935
2.2405867,48.8947281
2.2405828,48.8947384
2.2405706,48.8941258
2.2405599,48.8934544
2.2405562,48.8919392
2.2405541,48.8944939
2.2405524,48.8940311
2.2405518,48.8949774
2.2405471,48.8944982
2.2405463,48.8945409
2.2405429,48.8945212
2.2405396,48.894502
2.2405385,48.8945776
2.2405366,48.8953967
2.2405323,48.8946179
2.2405302,48.8945462
2.2405276,48.8942528
2.240527,48.8872542
2.2405259,48.8945831
2.2405254,48.8946184
2.2405246,48.890443
2.2405193,48.8954208
2.2405089,48.8904187
2.2405047,48.8958319
2.2404943,48.8888751
2.2404928,48.8952333
2.2404771,48.8924317
2.2404752,48.8902858
2.240466,48.8951143
2.2404613,48.8958099
2.240455,48.8912929
2.2404511,48.8903069
2.2404489,48.8912949
2.2404435,48.8921371
2.2404412,48.8912974
2.2404389,48.8886125
2.2404359,48.8902845
2.240435,48.88793
2.2404345,48.889238
2.2404339,48.8887946
2.2404173,48.8902404
2.2404158,48.8923355
2.2404122,48.8949432
2.2404059,48.8913149
2.2404048,48.8885413
2.240404,48.8940449
2.2404035,48.8953737
2.2404019,48.8962724
2.2403997,48.895401
2.2403638,48.8953715
2.2403553,48.8879606
2.2403439,48.8950816
2.2403389,48.8913224
2.2403348,48.895155
2.2403339,48.8953334
2.2403308,48.8905048
2.2403204,48.8912141
2.2403177,48.8905812
2.2403159,48.8954677
2.2403152,48.8904791
2.2403137,48.8912163
2.2403127,48.8906875
2.2403042,48.8955446
2.2402972,48.8953953
2.2402946,48.8913367
2.2402928,48.8956195
2.2402918,48.8951435
2.2402905,48.8916094
2.240284,48.8956777
2.2402738,48.8962639
2.2402726,48.8957526
2.2402661,48.890336
2.2402621,48.8958222
2.2402599,48.8911707
2.2402575,48.8903685
2.2402547,48.8884184
2.2402539,48.8953927
2.2402508,48.8958963
2.2402393,48.8959722
2.2402239,48.8902998
2.2402157,48.8925393
2.2402149,48.8911411
2.2402011,48.8906412
2.2402004,48.8884613
2.2402001,48.8947118
2.2401918,48.8917666
2.2401867,48.8944138
2.2401837,48.8924959
2.2401803,48.8883177
2.2401662,48.8949053
2.2401649,48.8953124
2.2401625,48.8962566
2.2401605,48.8925062
2.2401535,48.8882194
2.2401456,48.8947234
2.2401435,48.8954586
2.2401387,48.8977516
2.240133,48.8955304
2.2401292,48.8925156
2.240127,48.8884182
2.240123,48.8955987
2.2401229,48.8962539
2.2401226,48.8979357
2.2401222,48.8951954
2.2401173,48.892568
2.2401125,48.8956707
2.240112,48.8963239
2.240102,48.8957425
2.2401018,48.8948894
2.2401006,48.897733
2.2400914,48.8958153
2.2400853,48.8915238
2.2400848,48.8979333
2.2400839,48.8951204
2.2400817,48.8873767
2.2400812,48.8958851
2.240079,48.8878292
2.240071,48.8882895
2.2400709,48.8959557
2.2400617,48.895799
2.2400564,48.8904325
2.2400494,48.8970219
2.2400482,48.8943128
2.2400478,48.891485
2.2400426,48.8917195
2.240042,48.8902152
2.2400418,48.89041
2.2400411,48.891455
2.2400396,48.8970912
2.2400347,48.8925623
2.2400306,48.895992
2.2400189,48.8925967
2.2400174,48.8903564
2.2400131,48.8918228
2.2400093,48.8884059
2.240009,48.8925542
2.2400022,48.8914048
2.2399979,48.8883583
2.2399974,48.897088
2.2399959,48.8879368
2.239991,48.8959531
2.2399619,48.8907919
2.2399617,48.8882934
2.239961,48.8880091
2.2399566,48.8913589
2.2399555,48.8925787
2.239953,48.8883785
2.2399515,48.8869956
2.2399465,48.8907995
2.239943,48.8907941
2.2399412,48.8964888
2.2399387,48.8871526
2.2399346,48.8957713
2.2399324,48.8917186
2.2399299,48.8898332
2.2399204,48.8926254
2.2399028,48.8907144
2.2398869,48.8911216
2.2398779,48.8879332
2.2398765,48.8882405
2.2398763,48.892595
2.2398749,48.8997608
2.2398686,48.890555
2.2398681,48.891232
2.2398631,48.8931248
2.2398578,48.8947951
2.2398555,48.8913052
2.2398535,48.8957649
2.2398518,48.8935924
2.23985,48.8958571
2.239842,48.8957707
2.2398413,48.890624
2.2398334,48.8958516
2.2398323,48.8880055
2.2398305,48.8997614
2.239822,48.8926541
2.2398117,48.8867574
2.2398038,48.8869334
2.2398024,48.8911455
2.2397994,48.8902533
2.2397968,48.8959445
2.2397889,48.8911138
2.239784,48.8879385
2.2397796,48.8911557
2.2397348,48.8897221
2.2397223,48.8879491
2.2397178,48.8938917
2.2397107,48.8927879
2.2396953,48.8927671
2.2396806,48.8867427
2.239679,48.8928823
2.2396644,48.8937477
2.2396618,48.8950574
2.2396508,48.892904
2.2396467,48.8926802
2.2396445,48.8879879
2.2396425,48.8917209
2.2396374,48.8867497
2.2396338,48.8927729
2.239617,48.8928677
2.2396107,48.8934497
2.239597,48.8869874
2.2395958,48.8910803
2.2395921,48.8944705
2.2395872,48.8938523
2.239577,48.8918324
2.2395768,48.8929369
2.2395714,48.8950839
2.2395694,48.8880549
2.2395544,48.8940848
2.2395372,48.895027
2.2395276,48.8863463
2.2395258,48.8926402
2.2395256,48.884744
2.2395148,48.895051
2.239505,48.8923838
2.2395024,48.8880179
2.2395017,48.8928725
2.2394983,48.8916694
2.2394956,48.8863903
2.2394913,48.8882024
2.2394894,48.8907227
2.2394797,48.886361
2.2394758,48.892936
2.2394682,48.8918669
2.2394658,48.89073
2.2394568,48.8881043
2.2394559,48.8925633
2.2394555,48.8916069
2.2394489,48.8927005
2.2394466,48.8917526
2.2394437,48.8909853
2.2394435,48.8940539
2.2394423,48.8950197
2.2394413,48.8864096
2.2394391,48.8926698
2.2394376,48.89174
2.2394244,48.8847117
2.2394223,48.8916175
2.2394151,48.8943083
2.2394139,48.8937891
2.2394092,48.8937107
2.2394085,48.8880549
2.2394058,48.8925101
2.2394035,48.8926334
2.2393973,48.8931607
2.2393948,48.8923108
2.2393904,48.8950192
2.239387,48.8885399
2.2393854,48.8916293
2.2393831,48.8925324
2.2393803,48.8942477
2.2393763,48.8928006
2.2393763,48.8881554
2.2393712,48.8938179
2.2393698,48.8910057
2.2393683,48.8884764
2.2393656,48.8877463
2.2393495,48.8949415
2.2393477,48.8953857
2.2393414,48.888614
2.2393383,48.8904383
2.2393381,48.8882291
2.2393358,48.8942784
2.2393353,48.8860392
2.2393304,48.8882178
2.2393227,48.8936727
2.2393149,48.8954034
2.2393126,48.8921601
2.2393056,48.8924288
2.2393045,48.886325
2.2393021,48.8921877
2.2392992,48.8954024
2.2392919,48.8921752
2.2392893,48.8929364
2.2392851,48.88848
2.2392831,48.8913193
2.2392812,48.8925647
2.2392669,48.8923725
2.2392663,48.8949265
2.239261,48.892201
2.2392583,48.8874747
2.239251,48.8921877
2.2392496,48.8913241
2.2392488,48.8928302
2.2392479,48.8942714
2.2392476,48.8886034
2.2392405,48.8928306
2.239237,48.893635
2.2392355,48.8961837
2.2392254,48.8925635
2.2392241,48.886128
2.2392206,48.8863469
2.23922,48.8922143
2.2392197,48.8913332
2.239219,48.891947
2.2392181,48.8881828
2.239217,48.8954637
2.2392102,48.8922008
2.23921,48.8934694
2.23921,48.8885188
2.2392047,48.8924607
2.2392046,48.8888329
2.2392046,48.8881718
2.2392008,48.8958492
2.2391996,48.8897383
2.2391979,48.8949009
2.2391966,48.8874323
2.2391962,48.8962161
2.2391926,48.8881466
2.2391805,48.8875382
2.2391798,48.8922019
2.2391798,48.8913454
2.2391793,48.8922522
2.2391775,48.8928111
2.2391732,48.8908239
2.2391707,48.8953409
2.23917,48.8856673
2.2391698,48.895288
2.2391599,48.8924024
2.2391581,48.8955461
2.2391571,48.88626
2.2391497,48.8935966
2.2391483,48.895265
2.2391463,48.8952686
2.2391458,48.8922375
2.2391451,48.8945235
2.2391409,48.8859685
2.2391376,48.8875152
2.2391362,48.8897452
2.2391305,48.8880792
2.2391299,48.8924152
2.2391255,48.8924019
2.239125,48.8928713
2.2391249,48.8922684
2.2391237,48.8892927
2.2391176,48.8937552
2.2391126,48.8931373
2.2391109,48.8922486
2.2391077,48.8887834
2.2391002,48.8858118
2.2390996,48.8934466
2.2390992,48.8923633
2.2390987,48.8953206
2.2390974,48.8948991
2.2390921,48.8930911
2.2390881,48.8880187
2.2390829,48.8887826
2.2390813,48.889679
2.2390759,48.8952968
2.2390759,48.8922597
2.2390757,48.8922882
2.23907,48.8920989
2.2390631,48.8935586
2.2390617,48.8938097
2.2390609,48.8920097
2.2390577,48.8958803
2.23905,48.8955434
2.2390395,48.8920617
2.2390347,48.8879423
2.2390337,48.8934309
2.2390327,48.8924281
2.2390306,48.8928951
2.2390304,48.8937169
2.2390301,48.895691
2.2390296,48.8913166
2.2390263,48.8948868
2.2390237,48.8911161
2.2390102,48.8953259
2.2390101,48.8922553
2.2390049,48.8903839
2.2390021,48.8929157
2.2390003,48.8922834
2.2389995,48.8881131
2.2389915,48.8922712
2.2389871,48.8954724
2.2389867,48.892336
2.2389847,48.8896563
2.2389814,48.895437
2.2389793,48.8881713
2.238979,48.8878624
2.2389759,48.8935202
2.2389741,48.8937713
2.2389724,48.8954796
2.2389705,48.8923186
2.2389704,48.8884453
2.2389601,48.892346
2.2389576,48.8921346
2.2389568,48.8922975
2.2389478,48.8922852
2.2389446,48.8936793
2.2389431,48.8948762
2.2389383,48.895178
2.2389363,48.8925266
2.2389341,48.8933964
2.2389271,48.887788
2.2389243,48.8952817
2.238914,48.8927127
2.2389107,48.8952697
2.2389068,48.8952902
2.2389039,48.8923145
2.2389002,48.8947572
2.2388988,48.8881943
2.238896,48.893349
2.2388957,48.8923015
2.2388933,48.8952781
2.2388922,48.8919515
2.2388881,48.8895787
2.238887,48.8937331
2.2388851,48.8922946
2.2388808,48.893327
2.2388801,48.8877207
2.2388741,48.8936277
2.2388671,48.8916183
2.23886,48.8948568
2.2388517,48.888682
2.2388509,48.888817
2.2388489,48.8920613
2.238846,48.8938763
2.2388425,48.8887568
2.2388397,48.8884067
2.2388372,48.8889366
2.2388368,48.8924571
2.2388358,48.8887833
2.2388333,48.8876536
2.2388291,48.8889138
2.2388278,48.8947351
2.2388151,48.8884418
2.2388124,48.8896347
2.2388117,48.8895037
2.2388081,48.8954474
2.238805,48.8879138
2.2387944,48.8937118
2.2387933,48.8910985
2.2387877,48.8921387
2.2387847,48.8875839
2.2387755,48.8887322
2.2387726,48.893326
2.2387682,48.8937776
2.2387594,48.8886687
2.2387581,48.8948445
2.2387542,48.8948889
2.2387469,48.8875297
2.2387379,48.8877392
2.2387369,48.8928706
2.2387314,48.8889767
2.2387301,48.8916675
2.2387198,48.8895343
2.2387138,48.8886034
2.2387111,48.895295
2.2387094,48.8874759
2.2387078,48.8952209
2.2387058,48.8887357
2.2387031,48.8863693
2.2387024,48.8952235
2.2386998,48.8938485
2.2386977,48.8953902
2.238695,48.887868
2.2386937,48.8948251
2.238691,48.894714
2.2386874,48.8932745
2.2386826,48.8911336
2.2386823,48.8878217
2.2386746,48.887426
2.2386716,48.889438
2.2386709,48.8885258
2.2386675,48.8938445
2.2386641,48.8916906
2.2386554,48.895419
2.2386394,48.8928551
2.2386347,48.8873689
2.2386339,48.895364
2.2386333,48.8889738
2.2386315,48.8932358
2.2386306,48.8878221
2.2386253,48.8947078
2.2386251,48.8890141
2.2386199,48.8953664
2.2386112,48.8891162
2.2386054,48.8890722
2.2386023,48.8933331
2.2385851,48.8948074
2.238577,48.8887798
2.2385761,48.893142
2.2385745,48.8939027
2.2385708,48.8928417
2.238569,48.8884323
2.238568,48.8892945
2.2385642,48.8931784
2.2385444,48.8950604
2.238539,48.895063
2.2385381,48.8953894
2.2385287,48.8878521
2.238526,48.8883653
2.238522,48.8901964
2.238519,48.8922248
2.2385113,48.8953038
2.238505,48.8927192
2.238503,48.8921763
2.2385012,48.8891091
2.2384834,48.8917405
2.2384818,48.8954158
2.2384818,48.8919841
2.2384798,48.8901796
2.2384751,48.8882948
2.2384659,48.8952996
2.2384576,48.8880241
2.2384517,48.8949795
2.2384463,48.8949821
2.2384456,48.8882472
2.2384322,48.8938965
2.2384245,48.8932967
2.2384188,48.8882031
2.23841,48.8892414
2.2383973,48.8953523
2.2383906,48.8947889
2.2383825,48.8910485
2.2383752,48.8938699
2.2383751,48.8940922
2.2383724,48.8918261
2.2383678,48.8881396
2.2383625,48.8949028
2.2383571,48.8949054
2.2383571,48.8890549
2.2383544,48.8889985
2.2383477,48.8947598
2.2383463,48.8954881
2.2383336,48.8893834
2.2383328,48.8952563
2.2383282,48.8939929
2.2383243,48.8917538
2.2383222,48.8953902
2.2383204,48.8929182
2.2383088,48.8948392
2.2383034,48.8880443
2.2383017,48.89312
2.2382984,48.8909734
2.2382981,48.8888538
2.2382975,48.8931193
2.238296,48.8931168
2.2382957,48.8938879
2.2382954,48.8890902
2.2382928,48.8936041
2.2382885,48.8928428
2.2382755,48.891315
2.2382739,48.8879738
2.2382726,48.8954237
2.2382712,48.8939664
2.2382699,48.8948154
2.2382605,48.8880007
2.2382503,48.8915811
2.2382485,48.8932175
2.2382412,48.8928664
2.2382337,48.8879209
2.2382293,48.8954312
2.2382265,48.8940033
2.2382243,48.8890465
2.2382242,48.8921764
2.2382231,48.8940904
2.238223,48.8892648
2.2382176,48.895452
2.2382081,48.8899728
2.2382071,48.8921531
2.2382011,48.8893342
2.2381995,48.8953328
2.2381987,48.891107
2.2381662,48.8940638
2.2381653,48.8923421
2.2381599,48.891018
2.2381523,48.8969312
2.2381523,48.8954689
2.2381519,48.8954863
2.2381479,48.8890315
2.2381478,48.8928643
2.2381476,48.8922909
2.2381455,48.8947038
2.2381442,48.8921061
2.2381422,48.8925407
2.2381378,48.8876806
2.2381362,48.8921484
2.2381331,48.8925227
2.2381237,48.8889191
2.238123,48.8941832
2.2381139,48.8921555
2.2380973,48.892214
2.2380925,48.88598
2.2380913,48.8921627
2.2380836,48.8957773
2.2380778,48.8928851
2.2380723,48.8960402
2.2380701,48.8891431
2.238066,48.8941567
2.2380571,48.8942444
2.238056,48.895362
2.2380513,48.8892295
2.2380513,48.88839
2.2380412,48.8944177
2.238035,48.8924419
2.2380295,48.8945419
2.2380101,48.8947291
2.2380042,48.892907
2.2380037,48.8913559
2.238003,48.8908255
2.2380003,48.8889755
2.2380001,48.8942178
2.2379995,48.8930893
2.2379973,48.8942998
2.2379893,48.8933839
2.2379841,48.8933339
2.2379796,48.8955587
2.2379762,48.8954952
2.2379735,48.8890672
2.2379727,48.8965866
2.2379708,48.8885117
2.2379705,48.8936562
2.2379691,48.8965438
2.2379655,48.8884738
2.2379654,48.8964985
2.2379628,48.8891104
2.2379613,48.8964501
2.2379572,48.8963997
2.2379551,48.8947166
2.2379536,48.8963569
2.2379517,48.8920862
2.23795,48.8963144
2.23795,48.884542
2.2379453,48.8954343
2.2379416,48.8947712
2.2379403,48.8942733
2.2379386,48.8879985
2.2379359,48.8929273
2.2379342,48.8943583
2.23793,48.8845572
2.2379279,48.892183
2.2379263,48.8959825
2.2379203,48.8948169
2.2379134,48.895813
2.2379091,48.8956734
2.2379058,48.8899582
2.2379034,48.8947077
2.2379015,48.8956738
2.2378967,48.8947579
2.2378957,48.8883688
2.2378939,48.8921592
2.237893,48.8954731
2.2378924,48.8899446
2.237891,48.892964
2.2378837,48.8930306
2.2378772,48.8943318
2.2378735,48.8944146
2.2378698,48.8948051
2.2378634,48.8929871
2.2378585,48.8948568
2.2378506,48.8924998
2.2378428,48.8949381
2.2378406,48.89436
2.2378316,48.8929353
2.2378288,48.8922164
2.2378265,48.8934745
2.2378227,48.8874754
2.2378219,48.892207
2.2378208,48.8929525
2.2378165,48.8943881
2.2378153,48.8921562
2.2378151,48.8921976
2.237814,48.8948399
2.2378025,48.8920706
2.2377992,48.8886634
2.2377992,48.8884253
2.2377984,48.8926336
2.2377965,48.8891642
2.2377814,48.892402
2.2377753,48.8916556
2.2377717,48.8875176
2.2377705,48.8949223
2.2377616,48.8874782
2.2377529,48.8916627
2.2377384,48.8949557
2.2377321,48.8880584
2.2377304,48.8916699
2.2377241,48.8886792
2.2377241,48.8886034
2.2377217,48.8921582
2.2377053,48.8879262
2.2377048,48.8949948
2.2376972,48.8968084
2.2376972,48.8886475
2.2376862,48.8919207
2.2376848,48.8916377
2.2376792,48.895098
2.2376778,48.8949298
2.2376731,48.8891131
2.237668,48.8946649
2.2376655,48.8950302
2.2376621,48.8952007
2.2376554,48.8921796
2.2376494,48.8930914
2.237649,48.8943902
2.2376473,48.892006
2.2376464,48.8949771
2.237646,48.8943196
2.2376419,48.8951343
2.2376335,48.8946389
2.2376329,48.8870514
2.2376319,48.8930846
2.2376275,48.8890937
2.2376182,48.8933387
2.2376172,48.8950723
2.237613,48.8959885
2.2376127,48.8952383
2.237606,48.895014
2.2376026,48.8951763
2.2375987,48.8917118
2.2375986,48.892491
2.237596,48.8929645
2.23759,48.8879667
2.2375896,48.894679
2.2375827,48.8922034
2.2375792,48.8874958
2.237579,48.8951092
2.2375781,48.8946134
2.2375779,48.8953633
2.2375742,48.8924781
2.2375701,48.8950531
2.2375685,48.8871043
2.2375656,48.8922126
2.2375615,48.8956231
2.2375611,48.8952132
2.2375575,48.8959493
2.2375501,48.894721
2.2375465,48.895152
2.2375432,48.8922194
2.2375417,48.8890708
2.2375374,48.8957999
2.2375358,48.8946544
2.2375285,48.8950826
2.2375246,48.8953402
2.2375232,48.8954122
2.2375211,48.8929698
2.2375175,48.8870532
2.2375172,48.8924667
2.2375098,48.8924109
2.2375084,48.8929675
2.2375076,48.8921
2.2375068,48.8883318
2.2375056,48.8927687
2.2375049,48.8951904
2.2375036,48.8921013
2.2375034,48.8947636
2.2375011,48.8959873
2.2374962,48.8946979
2.2374934,48.8878997
2.2374924,48.8865931
2.2374894,48.8925172
2.2374881,48.8954472
2.2374876,48.8920728
2.2374814,48.8951232
2.2374792,48.8848999
2.2374773,48.8923682
2.2374719,48.8870814
2.2374707,48.8921465
2.2374672,48.8931727
2.2374667,48.8921408
2.2374629,48.8953882
2.2374629,48.8953116
2.2374625,48.8948051
2.2374619,48.8920381
2.2374612,48.8878503
2.2374532,48.8875011
2.2374524,48.894739
2.2374503,48.8954888
2.2374466,48.8951638
2.2374357,48.8925568
2.2374278,48.895426
2.2374265,48.88494
2.2374248,48.8897592
2.2374244,48.8948415
2.2374176,48.8923311
2.2374156,48.8870867
2.237411,48.8953661
2.2374093,48.892855
2.2374082,48.8952821
2.2374076,48.888062
2.2374064,48.8947829
2.2374054,48.8955284
2.2374038,48.8875507
2.2374036,48.8926097
2.2374001,48.8928362
2.2373968,48.8881643
2.2373955,48.8954629
2.2373909,48.8921605
2.2373856,48.8948797
2.2373817,48.8922593
2.2373783,48.8921646
2.2373755,48.8849782
2.2373748,48.8948174
2.2373724,48.892181
2.23737,48.8870761
2.2373689,48.8954039
2.2373626,48.892582
2.237362,48.8922652
2.2373576,48.8953421
2.2373562,48.8955709
2.2373553,48.8932416
2.2373523,48.895495
2.2373475,48.8949161
2.2373472,48.8927054
2.2373447,48.8922703
2.2373421,48.891924
2.2373406,48.8930412
2.2373385,48.8923137
2.2373351,48.8879985
2.237331,48.8948547
2.2373288,48.89304
2.2373282,48.8954417
2.2373269,48.8926839
2.237324,48.8956133
2.2373226,48.8953808
2.2373217,48.8877727
2.2373131,48.8921997
2.2373051,48.8949534
2.2373015,48.8955552
2.2373003,48.8920394
2.2372949,48.8870973
2.2372938,48.8931421
2.2372922,48.894893
2.2372893,48.8927216
2.2372887,48.8920431
2.2372875,48.8954795
2.2372872,48.8920719
2.2372828,48.8925855
2.2372805,48.8954196
2.2372785,48.887628
2.2372759,48.8922534
2.2372692,48.8956585
2.2372678,48.8955856
2.2372663,48.8959688
2.2372661,48.8920376
2.2372628,48.8949936
2.2372617,48.8959137
2.23726,48.888062
2.237259,48.8923177
2.2372484,48.8949298
2.2372452,48.8942504
2.237237,48.8955247
2.2372342,48.8954528
2.2372318,48.8882251
2.2372265,48.892932
2.2372248,48.8924382
2.237224,48.8950328
2.2372238,48.8916891
2.2372226,48.8914112
2.2372225,48.8887851
2.2372204,48.8945319
2.2372203,48.8919743
2.2372201,48.8957185
2.2372199,48.8920522
2.2372198,48.887965
2.2372185,48.8916123
2.2372183,48.891685
2.2372173,48.8956354
2.2372163,48.8876066
2.2372131,48.8955644
2.2372069,48.8919786
2.2372067,48.894969
2.2372061,48.8944285
2.2372061,48.892569
2.2372052,48.8922055
2.237193,48.8871466
2.2371876,48.8923399
2.2371872,48.8963851
2.2371851,48.8955026
2.2371832,48.8959775
2.2371823,48.8871008
2.2371808,48.8957535
2.2371756,48.8922763
2.2371741,48.8924042
2.2371715,48.8886881
2.2371705,48.8926889
2.2371695,48.8922681
2.2371688,48.8878327
2.2371686,48.8950063
2.2371598,48.8956133
2.2371568,48.8923368
2.2371542,48.8956899
2.2371542,48.8955358
2.2371462,48.8864385
2.2371447,48.8871008
2.2371427,48.8925311
2.2371383,48.8923893
2.2371378,48.8951183
2.2371363,48.8924111
2.2371331,48.8852943
2.237131,48.8920805
2.2371298,48.8960163
2.2371259,48.8881255
2.2371247,48.8957295
2.2371241,48.8950498
2.2371216,48.8926964
2.2371206,48.8886016
2.2371108,48.8922081
2.2371082,48.8924832
2.2371055,48.8925027
2.2371055,48.8924323
2.2371045,48.8878786
2.2371009,48.8955865
2.2370995,48.8956659
2.2370952,48.8864764
2.2370918,48.8951589
2.2370837,48.8894095
2.237081,48.8950951
2.2370803,48.8871396
2.2370718,48.8959322
2.2370714,48.8957111
2.2370668,48.8913168
2.2370521,48.8945163
2.2370461,48.8956382
2.2370455,48.8880867
2.2370451,48.8952
2.2370451,48.8852773
2.2370447,48.8888094
2.2370402,48.8920606
2.2370401,48.8879315
2.23704,48.8951367
2.237031,48.8893881
2.2370257,48.8873177
2.237024,48.8885346
2.2370181,48.891509
2.2370146,48.8959757
2.237004,48.8956852
2.2370025,48.8871237
2.2369998,48.8952959
2.2369951,48.8950443
2.2369924,48.8923511
2.2369898,48.8951792
2.2369831,48.8921899
2.2369784,48.8879808
2.2369763,48.8893659
2.2369763,48.8878757
2.2369677,48.8880567
2.236965,48.8877571
2.2369643,48.8922003
2.2369618,48.88936
2.2369514,48.8922715
2.2369382,48.8884464
2.2369358,48.8922768
2.236933,48.892732
2.2369328,48.887159
2.2369261,48.8959431
2.2369182,48.892282
2.2369181,48.8894142
2.2369144,48.8944638
2.2369124,48.892551
2.2368966,48.8918041
2.2368846,48.8852933
2.2368815,48.8958753
2.2368758,48.8896538
2.2368686,48.8921677
2.2368613,48.8921583
2.2368604,48.8883583
2.2368599,48.8853503
2.2368577,48.8883054
2.2368524,48.8924322
2.2368443,48.8959175
2.2368355,48.8940356
2.2368285,48.8903839
2.2368282,48.8882577
2.2368273,48.8924426
2.2368264,48.8887867
2.2368232,48.8922413
2.2368128,48.8945171
2.2368121,48.8871731
2.236805,48.8943387
2.2368014,48.8924534
2.236771,48.8958355
2.2367652,48.8958822
2.2367563,48.8954952
2.2367546,48.8958804
2.2367531,48.8925337
2.2367521,48.8915134
2.2367502,48.89424
2.2367464,48.8881572
2.2367463,48.8887831
2.2367411,48.8925212
2.2367394,48.8956081
2.2367383,48.8955263
2.236734,48.893986
2.2367292,48.8925087
2.2367209,48.8872084
2.2367109,48.892636
2.2367038,48.8892552
2.2366988,48.8955604
2.2366944,48.8893209
2.236693,48.8954716
2.2366914,48.8871872
2.2366905,48.8922254
2.2366834,48.892216
2.2366787,48.8924158
2.2366756,48.8911922
2.236674,48.8958505
2.2366737,48.8955004
2.2366726,48.8872242
2.2366723,48.8913587
2.2366694,48.8892412
2.2366688,48.8946269
2.2366653,48.8958489
2.2366638,48.8914506
2.2366508,48.8915404
2.2366457,48.8879952
2.2366438,48.8923594
2.2366415,48.8892928
2.2366405,48.8884323
2.2366352,48.8924359
2.236635,48.8913097
2.2366314,48.8892258
2.2366282,48.8918439
2.2366242,48.8880146
2.2366037,48.885633
2.2366016,48.8886907
2.2365922,48.8872877
2.2365707,48.8886105
2.236568,48.8884994
2.2365641,48.8913837
2.2365632,48.891806
2.2365601,48.8954983
2.23656,48.8872313
2.2365493,48.8889641
2.2365464,48.8917847
2.2365361,48.8939108
2.2365358,48.8884694
2.2365344,48.8918147
2.2365171,48.888547
2.236517,48.8917946
2.2365038,48.8918245
2.2365032,48.8917725
2.2364969,48.8891554
2.2364968,48.8857135
2.2364929,48.8885875
2.2364876,48.8918032
2.2364696,48.8917823
2.2364379,48.8941631
2.2364299,48.8908767
2.2364157,48.8857746
2.2364098,48.887263
2.236397,48.8918065
2.2363807,48.8858875
2.2363798,48.8959668
2.236366,48.8955934
2.2363645,48.894968
2.2363642,48.8873054
2.2363553,48.8928227
2.2363522,48.8941258
2.2363507,48.8918114
2.2363266,48.8873107
2.2363257,48.8909966
2.2363187,48.8868393
2.2363094,48.8959653
2.2363052,48.8873336
2.2362966,48.8902014
2.236293,48.8941184
2.2362918,48.8913384
2.236289,48.892769
2.2362784,48.8873618
2.2362633,48.8964356
2.2362569,48.8873283
2.2362481,48.885879
2.2362255,48.8859791
2.2362146,48.8915713
2.2362113,48.8873847
2.236202,48.8857758
2.2362016,48.8929256
2.2361999,48.891206
2.2361924,48.8896946
2.2361898,48.887353
2.2361795,48.8941367
2.2361766,48.8952248
2.2361698,48.8914969
2.2361687,48.8941383
2.2361661,48.8884572
2.2361519,48.8858604
2.2361505,48.8912152
2.2361478,48.8915039
2.2361425,48.8882752
2.2361375,48.8883142
2.2361339,48.8895655
2.2361321,48.8860538
2.2361318,48.8859116
2.2361308,48.8896014
2.2361304,48.8941554
2.2361258,48.8915108
2.2361255,48.8882366
2.2361147,48.8873777
2.2360966,48.8891223
2.2360938,48.8915965
2.2360899,48.8908472
2.2360894,48.8946829
2.2360893,48.8895408
2.2360882,48.8860887
2.2360823,48.8916862
2.2360675,48.8932474
2.2360556,48.8895658
2.2360494,48.8941479
2.2360493,48.8947195
2.2360443,48.889099
2.2360434,48.8959197
2.236042,48.8959191
2.2360303,48.8848103
2.2360155,48.8882366
2.2360101,48.8874941
2.2360034,48.8861574
2.236001,48.8847955
2.2359922,48.8936183
2.2359921,48.886023
2.2359883,48.8941633
2.2359672,48.8882401
2.235957,48.894262
2.2359383,48.8941847
2.2359232,48.8949811
2.2359216,48.8946856
2.2359187,48.893924
2.2359142,48.8893913
2.235907,48.8940739
2.2358933,48.8925554
2.23589,48.886105
2.2358867,48.8882242
2.235876,48.88751
2.2358739,48.8884574
2.2358696,48.8862646
2.2358586,48.889371
2.2358546,48.8875611
2.2358465,48.8881502
2.2358298,48.8893322
2.2358224,48.8882771
2.2358143,48.887607
2.2358097,48.894141
2.2358031,48.8861744
2.2357982,48.892134
2.2357509,48.886356
2.2357483,48.8929932
2.2357449,48.8944587
2.2357379,48.8890589
2.2357361,48.8940463
2.2357253,48.8892483
2.2357228,48.8908287
2.2357097,48.8882524
2.2356991,48.8863093
2.2356802,48.888136
2.2356737,48.8886018
2.2356698,48.8888449
2.2356476,48.8943238
2.23561,48.8907277
2.235602,48.893034
2.235584,48.8907068
2.2355819,48.8944469
2.2355737,48.889004
2.2355703,48.8936956
2.2355635,48.8907058
2.2355518,48.8921311
2.2355424,48.8907047
2.2355423,48.8906904
2.235522,48.8907037
2.2355046,48.8853393
2.2355026,48.8907027
2.2354994,48.8888737
2.235491,48.8906045
2.2354823,48.8907017
2.235481,48.8907203
2.2354779,48.8922241
2.2354627,48.8907007
2.2354623,48.8955608
2.235454,48.8940478
2.2354318,48.8908521
2.2354215,48.8919882
2.2353914,48.8949228
2.2353852,48.8946349
2.2353195,48.8910945
2.2353154,48.8881087
2.2353074,48.8880778
2.2353068,48.8852275
2.2353049,48.8894726
2.2352913,48.888092
2.235271,48.8932423
2.2352491,48.8957403
2.2352457,48.8945422
2.2352356,48.8961607
2.2352246,48.8852861
2.2352059,48.894886
2.2352045,48.8873692
2.2351499,48.8852178
2.2351008,48.8885914
2.2350864,48.8886757
2.2350582,48.8956882
2.2350499,48.8887832
2.2349538,48.8902728
2.2349103,48.8958872
2.2347993,48.895855
2.2347817,48.892724
2.2347785,48.8961814
2.234775,48.8906269
2.234766,48.892949
2.2347636,48.8906967
2.2347549,48.8912399
2.2347366,48.8959422
2.2347143,48.8928577
2.2347012,48.8910133
2.2346932,48.8907109
2.2346811,48.8926409
2.2346669,48.8958853
2.2346328,48.8925562
2.2345959,48.8909044
2.2345842,48.8920737
2.2345819,48.8909754
2.2345819,48.8909256
2.2345798,48.8909485
2.2345717,48.8858989
2.2345698,48.8910614
2.2345698,48.8909891
2.2345677,48.8920593
2.2345651,48.8910812
2.2345598,48.8924199
2.2345403,48.8912091
2.2345396,48.8911425
2.2345356,48.896108
2.234527,48.8858708
2.2345143,48.8921784
2.2345061,48.8949388
2.2344974,48.8922548
2.2344903,48.8924726
2.2344746,48.8923016
2.2344705,48.8960607
2.2344418,48.8855028
2.234428,48.8919482
2.2344008,48.8860567
2.234393,48.8877526
2.2343807,48.896201
2.2343566,48.8883256
2.2343441,48.8907836
2.2343243,48.8905399
2.2343042,48.8842017
2.2342801,48.8923016
2.2342318,48.8860355
2.2342088,48.8907861
2.2341567,48.8910389
2.2341487,48.892343
2.2341428,48.8905933
2.2341401,48.8959805
2.2341084,48.8924312
2.234095,48.8923748
2.2340565,48.886248
2.2340492,48.8922274
2.2340221,48.8860526
2.2340137,48.8930757
2.2339973,48.8882809
2.2339822,48.8924384
2.2339541,48.8863089
2.2339395,48.8911306
2.233893,48.8922687
2.2338774,48.8962207
2.2338712,48.892542
2.2338664,48.8863605
2.2338362,48.8961971
2.2338098,48.8864103
2.2338086,48.8904761
2.2337847,48.893038
2.2337748,48.8905394
2.2337732,48.8914375
2.2337726,48.895897
2.2337654,48.8876407
2.2337651,48.8924625
2.2337646,48.8916405
2.2337564,48.8923329
2.2337345,48.8932179
2.2336787,48.8864728
2.2336391,48.8914198
2.2336369,48.8865098
2.233613,48.8875885
2.2336129,48.892594
2.2336078,48.8858874
2.2335883,48.8925411
2.233565,48.8891955
2.2335613,48.8925555
2.2335593,48.8932747
2.2335573,48.8891193
2.2335452,48.8924065
2.2335444,48.8925308
2.2335262,48.8865601
2.2335237,48.8914286
2.2335154,48.8890164
2.23351,48.8930846
2.2335085,48.8925433
2.2334963,48.8925196
2.2334786,48.8926162
2.2334765,48.8866039
2.2334605,48.8925323
2.2334535,48.895861
2.2334513,48.8919083
2.2334484,48.8925084
2.2334149,48.8925217
2.233401,48.8866487
2.2334003,48.8914375
2.2333994,48.892497
2.2333951,48.8864337
2.23339,48.8876908
2.233366,48.8925104
2.2333549,48.8924865
2.2333521,48.8918166
2.2333461,48.884767
2.2333391,48.8896116
2.2333204,48.8924999
2.2333078,48.8924755
2.2333026,48.8877726
2.233293,48.8920248
2.2332911,48.8857124
2.23327,48.8924883
2.233269,48.8905903
2.233259,48.8924641
2.233234,48.887755
2.2332304,48.887889
2.233211,48.8924529
2.2332037,48.886548
2.2331995,48.892472
2.2331727,48.8909208
2.2331635,48.8933398
2.2331589,48.8959159
2.2331413,48.8924366
2.2331388,48.887968
2.2331386,48.8874964
2.2331381,48.8879682
2.2331323,48.8924565
2.2331318,48.8866089
2.2331293,48.8875769
2.233081,48.8924446
2.2330679,48.8924195
2.2330363,48.8924343
2.2330279,48.8924101
2.2329978,48.8896117
2.2329915,48.892424
2.2329791,48.8923987
2.2329642,48.8867584
2.2329474,48.8924138
2.2329327,48.8923879
2.2329122,48.8917355
2.2329009,48.8924031
2.2328934,48.8923787
2.2328626,48.8922037
2.2328584,48.8959701
2.232857,48.8923929
2.2328552,48.8923698
2.2328146,48.8863705
2.2328114,48.8923824
2.2328049,48.892358
2.2327632,48.8870756
2.2327593,48.8923704
2.2326927,48.887776
2.2325763,48.886334
2.2325309,48.893893
2.2324978,48.892395
2.2324927,48.8922798
2.2324833,48.8930584
2.2324685,48.8929816
2.2324544,48.8872307
2.2324074,48.887283
2.2323591,48.8971862
2.2323044,48.8971496
2.2323022,48.8862358
2.2321716,48.8861345
2.2321189,48.89155
2.2320468,48.8884031
2.2320276,48.8882988
2.231549,48.8859124
2.2314388,48.8959079
2.2314165,48.8888853
2.2313755,48.8857671
2.2312499,48.8856621
2.231083,48.8935266
2.2309548,48.89236
2.2308168,48.8863465
2.2306853,48.8864789
2.2306767,48.8865738
2.2306106,48.8925069
